,totalDebt,totalDebt,totalDebt,totalDebt,totalDebt,totalRevenue,totalRevenue,totalRevenue,totalRevenue,totalRevenue,revenueGrowth,revenueGrowth,revenueGrowth,revenueGrowth,revenueGrowth,operatingMargins,operatingMargins,operatingMargins,operatingMargins,operatingMargins,beta,beta,beta,beta,beta,regularMarketPrice,regularMarketPrice,regularMarketPrice,regularMarketPrice,regularMarketPrice
,count,mean,percentile_25,median,percentile_75,count,mean,percentile_25,median,percentile_75,count,mean,percentile_25,median,percentile_75,count,mean,percentile_25,median,percentile_75,count,mean,percentile_25,median,percentile_75,count,mean,percentile_25,median,percentile_75
2022-01-01,,,,,,,,,,,,,,,,,,,,,,,,,,,,,,
Advertising Agencies,12,2304386164.0,227540000.0,1731510016.0,2844896928.0,12,2948964784.0,485489240.0,1611098496.0,2384876064.0,12,0.34975,0.15425,0.214,0.32175,12,0.03896666633333334,-0.05126500225,0.03758,0.1327074925,11,1.173332818181818,0.8397399999999999,0.9132459999999999,1.3287345,12,30.645,8.5075,20.200000000000003,33.445
Aerospace & Defense,33,5564558166.666667,163700000.0,316204000.0,3637499904.0,33,10296096493.666666,638355968.0,1646868992.0,4798000128.0,32,0.27356250000000004,-0.031,0.08149999999999999,0.17099999999999999,33,-2.997366670636364,0.03254,0.09613,0.1192,33,1.2305976666666667,0.80935,1.0519479999999999,1.525714,33,107.74030303030307,39.03,55.06,144.22
Agricultural Inputs,7,2360960124.571429,1289179064.0,2472999936.0,3647499904.0,7,6007970354.285714,2661305408.0,5077499904.0,8036900352.0,7,0.35828571428571426,0.1775,0.273,0.5215,7,0.139841425,0.06602999899999999,0.15896,0.20165999499999998,7,1.23523,0.8397395,1.0218180000000001,1.4359100000000002,7,69.62285714285714,41.01,47.28,90.33500000000001
Airlines,12,13511095589.333334,2807424000.0,4964473344.0,18437000704.0,12,8254064352.0,1652896736.0,2734354560.0,14527500032.0,12,1.8325000000000002,1.27125,1.5905,2.021,12,-0.2313858280833333,-0.2937525,-0.196959995,-0.14995749249999998,10,1.6071681999999998,1.4792202499999998,1.5618175,1.77992625,12,43.19583333333333,18.2675,33.165,43.075
Apparel Manufacturing,11,2104407470.5454545,397848000.0,851601024.0,3797893504.0,11,4316628096.0,1685934496.0,2558931968.0,6360370432.0,11,0.4231818181818182,0.10099999999999999,0.226,0.497,11,0.1011590920909091,0.089335,0.107700005,0.12148,10,1.6316991,1.3328495,1.4961035,1.738721,11,65.93454545454546,27.6,73.22,96.87
Apparel Retail,35,2433044875.6571426,283937488.0,1056259968.0,3125500032.0,35,7659227737.6,1662647488.0,2865527040.0,7757499904.0,35,0.27362857142857144,0.147,0.235,0.3315,35,0.1112482854,0.07844999999999999,0.097770005,0.13744499999999998,34,1.6256105882352943,1.087272,1.624935,2.1172725,35,74.60657142857141,25.75,43.63,85.88499999999999
Asset Management,32,7745655897.5,262159008.0,2295666432.0,8605728768.0,32,5735266992.0,878969984.0,1999940992.0,8329649920.0,32,0.2655,0.072,0.16549999999999998,0.375,32,0.33775000321875004,0.265575,0.306475,0.44787499999999997,31,1.3148394193548387,1.156623,1.3792200000000001,1.5038960000000001,32,110.85453124999998,36.5575,63.625,107.6175
Auto & Truck Dealerships,13,3607142542.769231,991534016.0,2338936064.0,4159099904.0,13,11564580706.461538,2081842944.0,8856299520.0,20464001024.0,13,0.48992307692307696,0.154,0.386,0.618,13,0.06830461584615385,0.052110000000000004,0.06677000000000001,0.12457,11,1.8115948181818182,1.4475319999999998,1.598941,1.9952995000000002,13,102.1223076923077,40.4,102.4,130.23
Auto Manufacturers,10,27024536692.0,62870002.0,439941488.0,8416250112.0,9,34797578965.888885,65000.0,2940213.0,46848000000.0,5,2.4796,-0.048,0.04,0.568,10,-66884.47752100018,-1594.29137,0.0,0.0331124985,9,1.1296008888888887,0.681142,1.08935,1.204675,10,129.735,8.2575,15.685,49.165000000000006
Auto Parts,26,1523254228.4615386,66677250.0,346194992.0,2637999936.0,24,4946076633.666667,741848272.0,1824796096.0,6214550016.0,24,0.4575833333333333,-0.05,0.097,0.39025000000000004,26,-0.6174515384615386,0.029885000000000002,0.05585,0.11403249725,24,1.5652712916666667,0.9866232500000001,1.4779214999999999,2.0455837499999996,26,43.110038461538466,17.7375,29.09,57.595
Banks,214,11217030896.560747,171482000.0,439905008.0,1101249280.0,214,2839303609.1214952,204530000.0,366306992.0,838360016.0,214,0.22049532710280373,0.07025,0.1615,0.29174999999999995,214,0.45703088878504666,0.403727505,0.44757998,0.5006200000000001,211,1.0901244265402847,0.8527899999999999,1.096103,1.298441,214,54.83570093457949,25.872500000000002,37.26,55.8925
Beverages,12,9729318307.25,56866000.0,631703504.0,11449625344.0,12,13396347948.0,966624992.0,5375801344.0,10569349632.0,12,0.238,0.06924999999999999,0.124,0.14525000000000002,12,0.19944249916666665,0.1364175,0.18957000000000002,0.2720575,11,1.0278389090909092,0.7148095,1.017142,1.125454,12,167.97166666666666,46.095,79.78,193.025
Biotechnology,253,137969723.38735178,2913000.0,22849000.0,72158000.0,180,352240417.1166667,8496750.0,46785000.0,157803500.0,151,4.796807947019867,-0.198,0.172,0.9955,253,416.4826172510238,-5.02039,-0.61787,0.0,178,1.2492873876404493,0.813712,1.2789545,1.7384412499999997,253,32.133692490118605,7.4,16.21,31.27
Broadcasting,17,4921382109.6470585,2003452032.0,3614523904.0,7848962048.0,17,4058301376.0,1194167040.0,2874248960.0,6169999872.0,17,0.3506470588235294,0.085,0.152,0.24,17,0.020088823294117653,-0.0094,0.10711,0.23594,16,1.5356673125000002,1.20244925,1.4080515,1.7463629999999999,17,30.308823529411764,13.84,20.16,34.44
Building Materials,6,2327876458.6666665,743278512.0,1256886464.0,3909792064.0,6,4850753642.666667,3025925504.0,4955907840.0,6834363904.0,6,0.30733333333333335,0.14375000000000002,0.16849999999999998,0.182,6,0.15515166583333334,0.10726750000000002,0.144784995,0.2038949975,6,1.1992428333333331,0.8336355,1.2628564999999998,1.4517895,6,168.655,74.4225,127.875,196.62
Building Products & Equipment,31,1270718899.612903,163177996.0,558145984.0,1578240512.0,30,3655047909.0666666,1078305248.0,1615935040.0,4582295936.0,30,0.2367,0.11025,0.199,0.28350000000000003,31,-0.10658516167741937,0.065935,0.10017000000000001,0.13223000000000001,26,1.5599784230769234,1.224674,1.5498695,1.8501515,31,70.18935483870969,25.695,56.17,93.13
Business Equipment & Supplies,5,1111057222.4,272438016.0,722400000.0,1323800064.0,5,3050948774.4,1832499968.0,2143636992.0,2696699904.0,5,0.21000000000000002,0.157,0.195,0.198,5,0.075988,0.053360000000000005,0.08311,0.10679000000000001,5,1.2044608,0.9496100000000001,1.004675,1.335584,5,59.626,11.72,19.53,42.05
Capital Markets,22,45457675523.27273,211267504.0,1078848512.0,3989073024.0,22,10391798332.0,1465536480.0,2265748992.0,7622632704.0,22,3.069454545454546,0.01075,0.269,0.44625000000000004,22,0.21087227439999995,0.16931,0.242490005,0.3880975,22,1.2527710454545455,0.8526685,1.1971425,1.513436,22,107.25204545454544,50.63,76.755,102.74000000000001
Chemicals,9,3965866349.3333335,1102014976.0,2336699904.0,4065999872.0,9,10261547702.222221,1794232064.0,7814000128.0,9072799744.0,9,0.37599999999999995,0.23800000000000002,0.282,0.528,9,-1.9636243349999998,0.06736,0.11684000000000001,0.13713999,8,1.9704961250000002,1.46870075,1.6974105,2.08017175,9,54.733333333333334,24.03,34.88,56.72
Communication Equipment,32,1859321516.6875,92429750.0,462139504.0,1576776224.0,32,4140367331.75,330102248.0,1262479488.0,2298417216.0,32,0.32025,0.0155,0.0925,0.27425,32,-0.16787967435937498,0.029814999749999998,0.07857,0.13380250000000002,32,1.2445965,0.8011685,1.237402,1.5615579999999998,32,68.52218749999999,16.107499999999998,27.78,65.0625
Computer Hardware,12,6039355234.666667,59648250.0,306688000.0,4380750016.0,12,17033422542.0,571247744.0,2373527936.0,9049500032.0,12,0.9151666666666668,0.10275000000000001,0.1895,0.30475,12,-0.10146666750000001,0.0015749992500000004,0.044730000000000006,0.094547495,11,1.2712172727272728,1.089471,1.20935,1.4420775,12,46.0375,21.407500000000002,35.11,58.42999999999999
Conglomerates,8,6040587237.0,907191248.0,1367967008.0,6617873984.0,8,12003294655.0,2920263040.0,6125383424.0,15225000704.0,8,0.13025,0.083,0.10300000000000001,0.12925,8,0.094319999625,0.037630000499999997,0.076935,0.12986749625,8,1.043441125,0.721948,1.0532465,1.1709085,8,597.43625,34.8825,150.1,219.0075
Consulting Services,13,1798337374.1538463,148752992.0,409300992.0,3409999872.0,13,2512329447.3846154,568588992.0,1599398016.0,3009799936.0,13,0.13523076923076924,0.08,0.12,0.145,13,0.14231153884615386,0.0727,0.09917000000000001,0.22371999999999997,13,1.0212693846153846,0.6888310000000001,0.9823370000000001,1.415584,13,106.48384615384613,49.9,93.36,118.58
Consumer Electronics,6,22821725177.166668,17288750.0,57305500.0,230754006.0,6,61613049646.333336,445607496.0,870314496.0,1569484704.0,6,0.055500000000000015,0.024999999999999998,0.072,0.11825,6,-0.22389000000000003,0.0702625,0.09239,0.09720749999999999,6,1.5307013333333332,1.14389525,1.3529865,1.8015347499999999,6,48.335,13.2975,26.03,38.0125
Credit Services,31,12826836350.967741,1081992000.0,5188477952.0,18088500224.0,31,6720224592.0,762576480.0,1594400000.0,7691823616.0,31,0.9109032258064516,0.0465,0.159,0.2925,31,0.36630096890967745,0.17205500499999998,0.34310999999999997,0.5713100200000001,30,1.3322818666666667,1.02675275,1.306753,1.64265975,31,102.17935483870963,21.85,50.04,134.51
Diagnostics & Research,44,2405803831.7272725,59085000.0,314870496.0,2359444480.0,44,3608697428.4545455,135776250.0,645917984.0,3207930944.0,44,0.4129772727272727,0.12200000000000001,0.1965,0.51,44,-0.4633479573181818,-0.5119325,0.0676700015,0.2531275,41,1.1391521463414633,0.743376,1.055676,1.400519,44,163.37102272727282,21.1425,45.215,180.02249999999998
Discount Stores,9,12592413201.777779,1711078016.0,9770099712.0,14093185024.0,9,107358711367.11111,6198766080.0,26008500224.0,103348002816.0,9,0.0551111111111111,0.039,0.043,0.133,9,0.06881333355555555,0.043870002000000005,0.056729999999999996,0.08299,9,0.9264170000000002,0.524155,0.736103,1.023896,9,172.95111111111112,66.97,140.52,231.44
Drug Manufacturers,41,9194617524.390244,118476000.0,452600000.0,7619299840.0,40,11466270286.4,153550250.0,538797488.0,8683625088.0,40,0.7510000000000001,0.014250000000000002,0.11299999999999999,0.3105,41,-0.4968385396341464,-0.24936001,0.13255,0.24318,39,1.0035819743589742,0.6366229999999999,0.937142,1.254953,41,56.9072536585366,7.02,25.63,62.35
Education & Training Services,12,652923330.0,229981000.0,463791504.0,904587264.0,12,1081246504.0,756972736.0,984187008.0,1195350048.0,12,0.20891666666666664,0.11674999999999999,0.1915,0.269,12,0.07216916466666667,0.061204999999999996,0.083829998,0.1475175,11,0.8599483636363636,0.5884695,0.8794799999999999,1.092987,12,77.41083333333334,19.0775,27.0,39.457499999999996
Electrical Equipment & Parts,17,879201410.8235294,113351000.0,729881024.0,1135987968.0,17,1878309914.8235295,855449984.0,1320504960.0,3021499904.0,17,1.3555294117647059,0.057999999999999996,0.115,0.344,17,-4.148627530470589,0.041989997,0.12362999999999999,0.16631001,14,1.8355174285714284,1.16597375,1.477116,1.7317150000000001,17,70.06647058823529,21.93,40.1,106.56
Electronic Components,16,1238742086.6875,61786000.0,278505008.0,747030528.0,16,4678343563.0,471034760.0,1556229504.0,4215809472.0,16,0.16618750000000002,0.08625000000000001,0.11900000000000001,0.23575000000000002,16,-0.0942906241875,0.04231500225,0.081775,0.16315250250000002,15,1.247536,1.035064,1.187532,1.4797395,16,82.10375,34.12,45.315,93.8725
Electronic Gaming & Multimedia,6,1288835354.6666667,211692496.0,862299504.0,2017550048.0,6,3713168085.3333335,976635728.0,3046432000.0,5639966208.0,6,0.31516666666666665,0.07525000000000001,0.262,0.5395,6,0.07607166566666668,0.129087503,0.184500005,0.2118550025,5,0.697558,0.613506,0.673246,0.861298,6,70.42666666666666,13.7225,49.55,115.5575
Engineering & Construction,26,953109893.8461539,246250760.0,657637504.0,1138320736.0,26,4443245042.423077,1156121008.0,3018108032.0,5968143872.0,26,0.319923076923077,-0.018000000000000002,0.07300000000000001,0.20500000000000002,26,-0.04994961599999999,0.0458424985,0.057159999999999996,0.071535,26,1.282702807692308,0.89318175,1.2275114999999999,1.374415,26,75.07179615384618,27.235,51.67,107.6475
Entertainment,19,18372428427.0,665829504.0,4000880896.0,17541492224.0,19,17406936448.473682,449823008.0,1518700032.0,22725906432.0,19,3.3013684210526315,0.112,0.23,2.3850000000000002,19,-0.4254073785263158,-0.29210500500000003,0.051799998,0.17802500500000001,17,1.430660529411765,0.9589610000000001,1.331948,1.7870119999999998,19,121.15457368421056,22.53,33.37,137.29
Farm & Heavy Construction Machinery,18,5697848494.222222,171889744.0,431344992.0,1004900000.0,18,8440159368.444445,870868752.0,1690384512.0,6666774976.0,18,0.5783333333333334,0.10275000000000001,0.20800000000000002,0.406,18,0.03875888900000001,0.037642499999999995,0.072465,0.09841249999999999,17,1.3116968235294115,0.996883,1.334545,1.647792,18,83.87277777777778,21.7125,47.695,115.1925
Farm Products,8,3448264234.0,60294750.0,171006000.0,7964499840.0,8,23124176865.0,218692992.0,1161592000.0,49056498688.0,7,0.17885714285714285,0.1215,0.146,0.278,8,-1.7265250002500003,-0.042205,0.0245850005,0.048639997750000004,5,0.6388567999999999,0.635844,0.817142,0.882077,8,42.21875,15.524999999999999,27.525,72.4825
Financial Data & Stock Exchanges,8,5446572800.0,3244267968.0,4610155008.0,6791000064.0,8,4589728384.0,1860013216.0,5256499968.0,6220999936.0,8,0.12899999999999998,0.07750000000000001,0.128,0.20475,8,0.41864500000000004,0.2862425,0.482759985,0.5405000075,8,0.8917528749999999,0.8044149999999999,0.9070125,1.0183115,8,359.80499999999995,223.8475,366.28499999999997,475.45
Food Distribution,7,4029843812.571429,850532000.0,3715000064.0,5170249984.0,7,23817011657.142857,10283095552.0,27263000576.0,30721850368.0,7,0.3928571428571428,0.19799999999999998,0.397,0.522,7,0.011451427928571428,0.009554999750000001,0.011569999,0.016919999499999998,7,1.3451574285714287,0.8361035000000001,1.343896,1.6942855,7,43.731428571428566,34.065,38.71,47.485
"Furnishings, Fixtures & Appliances",16,1241573053.5,115515000.0,508105504.0,2295128512.0,16,3884925890.0,715749760.0,1727726976.0,4446249984.0,16,0.1275625,0.053500000000000006,0.10899999999999999,0.203,16,0.08061000024999998,0.0404675,0.0928149975,0.12128749999999999,15,1.5224615333333338,1.1568825,1.503808,1.758181,16,64.0738125,21.4475,43.275000000000006,70.74075
Gambling,8,1730908060.0,101325506.0,739206992.0,1492299296.0,8,940789734.0,338955494.0,580076000.0,1236342240.0,8,1.038375,0.34249999999999997,0.5165,1.20175,8,-0.14045,-0.21189751499999998,-0.015620000000000002,0.16379500249999998,6,1.8979365000000001,1.54085275,1.8839709999999998,1.9985215,8,50.704375,12.252500000000001,19.137500000000003,37.31
Grocery Stores,12,7056715608.0,1046158752.0,1607718016.0,8415717504.0,12,33065506216.0,3837249920.0,6437290752.0,35553865728.0,12,0.16933333333333334,-0.006249999999999999,0.059500000000000004,0.14125000000000001,12,0.04031666683333333,0.01956500025,0.030584999,0.058505000749999994,10,0.3880566,0.1538235,0.464415,0.53207725,12,50.20666666666667,23.675,29.935000000000002,55.515
Health Information Services,31,532549632.16129035,28050000.0,272263008.0,568260992.0,31,1016759318.0645162,230490000.0,514900992.0,1237142976.0,31,0.26361290322580644,0.055999999999999994,0.23600000000000002,0.396,31,-0.07682096264516129,-0.216364995,0.01652,0.09190000000000001,24,1.0265777083333334,0.70012975,1.0174020000000001,1.4005815,31,47.93354838709676,19.08,27.33,45.769999999999996
Healthcare Plans,11,20673947467.636364,1456319552.0,12501000192.0,29324499968.0,11,100182475205.81818,4468357376.0,82201001984.0,152140005376.0,11,0.32581818181818184,0.092,0.10300000000000001,0.21949999999999997,12,0.03952000216666667,0.021750000000000005,0.039900001000000004,0.0511725,9,0.8290903333333335,0.7205189999999999,0.8425969999999999,0.9231159999999999,12,192.91624999999996,30.18,99.07499999999999,354.445
Home Improvement Retail,7,11284007658.285715,182664504.0,968472000.0,16175745600.0,7,35721100082.28571,1086537472.0,1316935040.0,49232423808.0,7,0.32328571428571434,0.1475,0.243,0.2945,7,0.11775000057142856,0.088805,0.11417999999999999,0.14585500499999998,6,1.8036668333333334,1.30727175,1.6056725000000003,2.3629082500000003,7,126.9042857142857,20.365000000000002,31.05,194.245
Household & Personal Products,17,4670211814.588235,223668992.0,1972499968.0,5744000000.0,17,10061225992.470589,1229686016.0,2998099968.0,10472999936.0,17,0.16541176470588237,0.033,0.07,0.28300000000000003,17,0.12857352964705882,0.09975999599999999,0.12662,0.19022,15,1.0047682666666666,0.546753,0.963636,1.099414,17,106.40705882352943,33.21,101.2,142.92
Industrial Distribution,12,1084207509.3333333,312809000.0,629750016.0,1022230976.0,12,5037790594.666667,1499491040.0,3362696448.0,5858510848.0,12,0.18308333333333335,0.11274999999999999,0.176,0.24825,12,0.08695916691666666,0.06987499949999999,0.081959998,0.0992,11,1.3375200909090912,0.868571,1.218181,1.531688,12,139.8216666666667,38.7225,88.245,159.2625
Industrial Metals & Mining,22,1853215877.6818182,420169752.0,826012512.0,1844325024.0,21,7216050016.0,1336499968.0,2087600000.0,12238699520.0,21,0.7054761904761906,0.315,0.555,1.093,22,0.10831954490909085,0.0409225,0.089,0.1729775075,21,1.7240689999999996,1.279475,1.508051,2.180259,22,50.0709090909091,22.28,43.575,61.447500000000005
Information Technology Services,42,3984938612.0,222940244.0,1462918016.0,3585935040.0,42,8451731237.714286,1011017776.0,3312473984.0,12413851648.0,42,0.21016666666666667,0.08424999999999999,0.1625,0.24625,42,0.012330952095238096,0.02488,0.07083999999999999,0.13648749999999998,32,1.2255437187499998,0.84372425,1.1153245,1.5432462500000002,42,95.53392857142856,27.2675,42.8,125.5575
Insurance,66,5054301145.69697,169558992.0,1592517952.0,4208592512.0,66,10084240495.515152,990413264.0,4102914432.0,11683249920.0,65,0.23192307692307695,-0.022000000000000002,0.069,0.28800000000000003,66,0.12445106163636364,0.09396249875,0.153760005,0.2347800075,63,0.9549434444444447,0.6903895,0.915324,1.3072724999999998,66,105.81939848484849,36.680175,66.515,116.72000000000001
Integrated Freight & Logistics,12,6325836912.666667,310572264.0,1527984960.0,3033819072.0,12,22190193934.666668,3178046080.0,8650354944.0,19114435072.0,12,0.6419166666666666,0.12949999999999998,0.247,0.519,12,0.05767583375000001,0.046655,0.07764499999999999,0.08510000000000001,12,1.1821633333333332,0.844461,1.0407785,1.176491,12,123.02166666666669,72.86500000000001,114.36,185.365
Internet Content & Information,19,3168732263.1578946,182327504.0,366000000.0,2732433984.0,19,20168606307.36842,586683984.0,1086999040.0,4073187584.0,19,0.4310526315789474,0.207,0.35100000000000003,0.4405,19,0.056604734868421054,-0.0245650005,0.03793,0.15803,14,1.4075906428571432,1.0783402500000001,1.211554,1.67753175,19,235.17105263157885,28.4,63.85,131.48000000000002
Internet Retail,11,14962722616.0,46088500.0,2321807872.0,6252499968.0,11,46936832168.72727,678126496.0,2869320960.0,12894539264.0,11,0.4072727272727273,0.0345,0.179,0.437,11,0.05495363631818182,0.0030750005,0.061779999999999995,0.115159995,11,1.9894223636363635,1.1327265,1.844773,2.5338054999999997,11,381.89818181818174,16.64,59.01,204.45499999999998
Leisure,19,1452022265.2631578,210314000.0,592928000.0,2455434496.0,19,2223440154.105263,669903520.0,1288696960.0,3432726016.0,19,0.7426842105263156,0.194,0.4,0.667,19,0.12243368378947371,0.08641499999999999,0.14423001,0.19057499500000002,16,1.4572819375000001,0.9091792499999999,1.3503645,2.0147495,19,75.61850000000001,23.564999999999998,41.3015,86.705
Lodging,5,5398484659.2,2130000000.0,3377999872.0,9731999744.0,5,1588891020.8,1023000000.0,1151000064.0,2054000000.0,5,1.0752,0.8340000000000001,0.93,1.1420000000000001,5,0.21423998800000002,0.29067,0.33623000000000003,0.37925997,5,1.5139479999999998,1.410582,1.483636,1.691107,5,132.554,95.9,155.99,155.99
Luxury Goods,4,1085440756.0,304398500.0,442778496.0,1223820752.0,4,2240770040.0,630910776.0,1249340544.0,2859199808.0,4,0.3005,0.2295,0.27249999999999996,0.34349999999999997,4,-0.022972505499999997,-0.0785275065,0.102729999,0.158285,4,1.78452775,1.42324625,1.644415,2.0056965,4,26.082499999999996,11.28,26.105,40.9075
Marine Shipping,5,728162662.4,492643328.0,544083008.0,905200000.0,5,1301973667.2,297327392.0,459344992.0,2145149952.0,5,0.254,0.20600000000000002,0.298,0.6609999999999999,5,0.11708399719999998,0.0365,0.064559996,0.23552999,5,1.0649896,0.955324,0.9574020000000001,1.487792,5,43.93000000000001,16.0,45.5,59.42
Medical Care Facilities,33,3226564110.181818,174220992.0,871427008.0,3272199936.0,33,4981690052.363636,988880000.0,1819625984.0,3032610048.0,33,0.21445454545454545,0.07400000000000001,0.11699999999999999,0.32299999999999995,33,0.07704969703030304,0.05099,0.0991,0.12986,27,1.2576438518518518,0.627272,1.196883,1.690649,33,79.98803333333335,26.44,60.7,96.655
Medical Devices,67,965903585.4179105,14864808.5,56229000.0,335938000.0,66,1739502517.8181818,92358750.0,210689504.0,910669504.0,66,0.3695454545454547,0.09625,0.2485,0.41700000000000004,67,-0.34960447693283575,-0.43645999999999996,-0.0153,0.11212,58,1.0493616896551727,0.7951940000000001,1.061558,1.47315125,67,89.56756567164176,17.48,37.7,84.75
Medical Distribution,7,3720150994.285714,1118608512.0,1580107008.0,6729715456.0,7,94518045165.71428,8028552192.0,12236224512.0,190679416832.0,7,0.13071428571428573,0.10700000000000001,0.126,0.15850000000000003,7,0.06985714257142857,0.012695000000000001,0.025139999,0.056365000000000005,7,0.7888247142857143,0.585823,0.751688,0.8838955,7,91.99714285714286,47.495000000000005,60.65,105.21
Medical Instruments & Supplies,29,1351807809.3793104,33618000.0,100369000.0,950105024.0,29,2457288591.034483,179384992.0,933825024.0,2826299904.0,28,0.20046428571428573,0.09175000000000001,0.134,0.24625,29,0.10989827751724143,0.024430001,0.15241,0.21999000000000002,28,0.943419857142857,0.68870075,0.9558435000000001,1.1847915000000002,29,156.06517241379308,42.23,76.56,260.48
Metal Fabrication,9,582269460.4444444,8277000.0,420139008.0,796947008.0,9,1921347779.5555556,557574016.0,1491299968.0,2692699904.0,9,0.2787777777777778,0.166,0.214,0.35700000000000004,9,0.04618333222222223,0.0277,0.063379996,0.101789996,9,1.471781,1.202173,1.501818,1.647089,9,36.51611111111111,26.05,39.225,52.68
Mortgage Finance,7,10113827693.714285,2979734528.0,12236428288.0,13971482112.0,7,5049293476.571428,1421658496.0,3680999936.0,4265588608.0,7,0.33171428571428574,-0.126,0.022000000000000002,0.3855,7,0.4222457114428571,0.34252499999999997,0.44979998,0.578125,5,1.3858698,1.232207,1.4238959999999998,1.5049350000000001,7,66.68,28.4,62.11,96.19
Oil & Gas,67,6746986111.641791,891412480.0,2627859968.0,6781349888.0,67,15050972072.238806,1102359040.0,2284000000.0,10155999744.0,67,1.017268656716418,0.6275,0.884,1.2585,67,-0.08614984984179104,-0.170869995,0.00566,0.24070999999999998,59,10.632618389830506,1.4612980000000002,2.215064,3.0119474999999998,67,57.08552238805971,14.370000000000001,26.47,60.66
Oil & Gas Equipment & Services,25,1725624492.48,68486000.0,373636000.0,917497984.0,25,3324067482.88,543449024.0,878520000.0,2044632960.0,25,0.38764,-0.019,0.171,0.489,25,-0.01630919976,-0.07874,-0.01594,0.06452000000000001,23,2.462356,1.876949,2.522077,3.147235,25,14.539600000000002,6.88,9.7,20.21
Packaged Foods,37,3594065225.5135136,413406016.0,1338412032.0,4700327936.0,37,5817885461.621622,1074055040.0,3783600128.0,7904900096.0,37,0.16643243243243241,0.039,0.12300000000000001,0.245,37,0.10214216105405403,0.084139995,0.110410005,0.16262000000000001,36,0.6275845833333332,0.40298625,0.6468240000000001,0.81560075,37,65.74275405405403,34.15,47.95,90.16
Packaging & Containers,18,4368334970.666667,1853012992.0,3648499968.0,7362000128.0,18,7641091041.777778,3837750144.0,5541849600.0,11587575040.0,18,0.15344444444444444,0.09025,0.14200000000000002,0.17900000000000002,18,0.09808277705555554,0.07953249999999999,0.096629995,0.1201175,16,1.190093875,0.8928735,1.1578635,1.294805,18,55.87433333333333,22.8575,45.67,72.2025
Paper & Paper Products,6,761591002.6666666,491136504.0,604723008.0,1156050000.0,6,1601853024.0,1055138512.0,1296499968.0,1633875008.0,6,0.21650000000000003,0.1305,0.21400000000000002,0.33725,6,0.06791666683333333,0.045732499999999995,0.07289,0.08669000000000002,5,1.4619216000000002,1.203116,1.445714,1.535584,6,30.745,27.2375,28.895,34.61
Personal Services,11,1379636101.090909,597741504.0,1363926016.0,1878971520.0,11,1957678656.0,1350233024.0,1669729024.0,2487074560.0,11,0.16354545454545455,0.052500000000000005,0.126,0.267,11,0.14096636363636367,0.07866999999999999,0.15385,0.2053,9,0.9507256666666666,0.710649,0.8737659999999999,0.965194,11,59.76227272727274,20.884999999999998,35.995,67.715
Precious Metals & Mining,5,1467155779.2,102323000.0,448779008.0,530094016.0,4,3633817552.0,767454992.0,843152512.0,3709515072.0,4,0.11499999999999999,-0.045,0.077,0.237,5,0.21999,0.11310999999999999,0.17640999999999998,0.30443000000000003,4,1.2093845,0.54532375,1.2088995,1.87296025,5,37.574,5.22,10.38,62.02
Publishing,4,420947750.0,25352250.0,63151500.0,458747000.0,4,1683070738.0,1109522226.0,1712951488.0,2286500000.0,4,0.08625,-0.044250000000000005,0.089,0.21950000000000003,4,0.086507497,0.0690499955,0.09234499900000001,0.10980250050000001,4,1.23220725,0.7693505,0.7999995,1.26285625,4,112.58,31.3025,44.129999999999995,125.4075
REIT,182,4888414328.5274725,1210088544.0,2538382976.0,5196134912.0,182,1011085321.7142857,211604756.0,524774496.0,1197888768.0,182,0.3378901098901099,0.00825,0.106,0.23775000000000002,182,0.2889887357637361,0.1478400075,0.27591501,0.4581425,175,1.1271854171428568,0.7859735,1.050909,1.466493,182,58.54659890109888,15.186250000000001,25.83,58.97
Railroads,6,12189674880.0,4625499904.0,9827100160.0,16247749888.0,6,9193563477.333334,3254260800.0,9318049792.0,11655749888.0,6,0.0345,-0.038,0.077,0.1365,6,0.2569699965,0.1246375,0.275445,0.4173125,6,1.3561683333333334,1.24986975,1.3561035000000001,1.3831485,6,125.80666666666667,39.6725,69.0,211.975
Real Estate Services,17,2122838272.9411764,178371008.0,1118168960.0,4113900032.0,17,3671231312.0,312987008.0,1325799936.0,3303522048.0,17,0.7819411764705881,0.204,0.341,0.8079999999999999,17,0.08665588305882353,0.012240000000000001,0.08369,0.13508001,16,1.4939149375,1.0312985000000001,1.4275319999999998,1.7604997499999997,17,60.77735294117647,23.36,40.7,78.455
Recreational Vehicles,11,1393315832.4545455,248521496.0,549841024.0,1480989504.0,11,3786676150.181818,948364000.0,3331560960.0,4543692928.0,11,0.4658181818181817,0.1285,0.408,0.5365,11,-0.6430327272727272,0.085725,0.10882,0.137345,10,1.9367045999999999,1.75454525,1.9457155,2.18987,11,81.36727272727272,49.33,74.92,104.97999999999999
Rental & Leasing Services,15,5155017181.333333,1498382016.0,2730127104.0,6301858560.0,15,3535944439.4666667,1226355008.0,2015500032.0,4747732992.0,15,0.5182,0.1005,0.187,0.3375,15,0.17931399765333333,0.1005299975,0.17805,0.22636000500000003,15,1.5934728666666667,1.1143475,1.839584,1.967532,15,135.35666666666665,44.519999999999996,80.26,130.37
Residential Construction,18,1857598132.4444444,986741488.0,1386875008.0,2449173248.0,18,7291974656.0,2873760448.0,4505616384.0,8231107072.0,18,0.23533333333333337,0.18074999999999997,0.22100000000000003,0.26375000000000004,18,0.14228777833333334,0.11035249999999999,0.14336,0.1734075025,18,1.6363599999999998,1.4415577499999999,1.5828570000000002,1.8861035,18,412.3711111111111,47.504999999999995,75.685,120.58500000000001
Resorts & Casinos,15,7597732314.133333,1960394944.0,4280527872.0,11729670144.0,15,2816528057.6,956543488.0,1656000000.0,4160216960.0,15,1.2482000000000002,0.33499999999999996,0.865,1.6920000000000002,15,0.12194466799999999,0.06494,0.16877002,0.210445005,15,2.2672570666666667,1.978853,2.393246,2.5519480000000003,15,77.785,41.47,51.85,79.04
Restaurants,30,4354152491.2,410178744.0,993896000.0,3175704512.0,30,3985266650.133333,516289760.0,1111707008.0,3784380224.0,30,0.3439,0.118,0.269,0.4085,30,0.09763300009999999,0.040432499499999996,0.08634000249999998,0.17802750250000002,29,1.5686000344827582,1.064415,1.533506,2.022857,30,141.52699999999996,25.265000000000004,38.775,125.7225
Scientific & Technical Instruments,19,1191999009.2631578,58190000.0,508777984.0,1788319040.0,19,1970765424.8421052,316955008.0,1487468032.0,3367859072.0,19,0.1345263157894737,0.0765,0.125,0.22549999999999998,19,-0.8202699473157894,0.060180001000000004,0.11829001,0.181274995,17,1.355721411764706,1.0612979999999999,1.336623,1.46961,19,119.73684210526316,49.405,76.29,175.25
Security & Protection Services,9,2091359842.6666667,107563000.0,1009833024.0,2882949888.0,9,2238945433.7777777,480772992.0,1342356992.0,4123599872.0,9,0.1838888888888889,0.085,0.10800000000000001,0.16899999999999998,9,0.05593666888888888,0.0069299999999999995,0.10317001,0.1547,8,1.55292875,1.17425425,1.5820665,1.7648367500000002,9,43.394444444444446,10.49,26.03,53.9
Semiconductor Equipment & Materials,19,1001333682.1052631,36174000.0,214096000.0,893856512.0,19,3306675552.8421054,559036480.0,1054694976.0,2018691520.0,19,0.5973684210526317,0.2015,0.306,0.441,19,-1.776378949368421,0.093664998,0.16985999999999998,0.277245,19,1.3955536315789474,1.155324,1.367391,1.4611345,19,144.88999999999996,33.28,101.23,168.58499999999998
Semiconductors,39,4168836109.3589745,102246000.0,445110016.0,2892599936.0,39,7501829159.897436,616294496.0,1501142016.0,5919303936.0,39,0.3445384615384614,0.21850000000000003,0.332,0.513,39,0.1556387182051282,0.08172,0.16513,0.241145,37,1.2785481351351358,0.9870120000000001,1.144935,1.4805190000000001,39,130.2946153846154,56.03,87.49,166.07999999999998
Software—Application,104,891188130.4038461,37509000.0,316863504.0,942890240.0,104,1399716699.7307692,256671744.0,525726496.0,1186077760.0,104,0.6171442307692305,0.14275000000000002,0.2615,0.39399999999999996,104,-0.05255413492307693,-0.18896250250000002,-0.008315,0.10758000375,81,1.3535201975308642,1.028051,1.284697,1.472834,104,111.29395192307689,29.654999999999998,57.835,121.63500000000002
Software—Infrastructure,74,3405740093.5135136,134803002.0,618080512.0,1942376192.0,74,4609506155.243243,391999736.0,730650496.0,1805873504.0,74,0.28014864864864875,0.10650000000000001,0.198,0.32875,74,-0.031843511756756746,-0.17775000000000002,0.02894,0.14717000000000002,62,1.1459346451612902,0.81194775,1.0459735000000001,1.4334782499999998,74,101.8383783783784,22.557499999999997,53.79,118.6375
Solar,7,1798432729.142857,487625504.0,580464000.0,2055676992.0,7,1114179408.0,491756480.0,1234168960.0,1387950976.0,7,0.4464285714285715,0.14850000000000002,0.373,0.867,7,-0.010791427428571422,-0.11359999999999998,0.046269998,0.16230000500000002,5,1.7881783999999996,1.434285,1.8758439999999998,2.140259,7,56.2407142857143,22.585,27.92,60.73
Specialty Business Services,17,1688004800.0,533396000.0,1039600000.0,1717400064.0,17,3196913663.0588236,1073206976.0,2488000000.0,4935099904.0,17,0.33152941176470585,0.094,0.14800000000000002,0.24600000000000002,17,0.10529000023529411,0.0496,0.09802000000000001,0.19690001,14,1.6063498571428574,0.9884407500000001,1.373564,1.65414475,17,82.88,18.21,40.85,90.83
Specialty Chemicals,44,2782005639.2727275,348502240.0,1105750016.0,3533450048.0,44,5109859733.090909,1087704752.0,2145942016.0,6118509696.0,44,0.30340909090909096,0.10825000000000001,0.22049999999999997,0.421,44,-0.7915361368172725,0.0889849955,0.11578499750000001,0.14654,43,1.366474023255814,0.9760964999999999,1.383376,1.6171755,44,97.28545454545457,31.822499999999998,72.755,111.81750000000001
Specialty Industrial Machinery,57,2778829950.877193,291700000.0,822200000.0,2312962048.0,57,5114560025.964912,1087399936.0,2458611968.0,4143300096.0,57,0.18156140350877195,0.075,0.166,0.225,57,0.12406438501754388,0.09222999,0.13525,0.16965999999999998,53,1.3684653207547168,1.063896,1.348571,1.6098700000000001,57,118.38504385964913,44.55,92.97,159.49
Specialty Retail,38,1984238471.7894738,373946008.0,1530002496.0,3118353984.0,38,6740311208.0,1660540704.0,3297877504.0,9303530240.0,38,0.21300000000000002,0.035500000000000004,0.14850000000000002,0.264,38,0.08542447415789475,0.05465500075,0.09999,0.13336,33,1.5915530909090911,1.1101290000000001,1.6883110000000001,2.025848,38,163.20919736842106,18.9525,43.865,163.945
Staffing & Employment Services,15,719747611.2,114449000.0,550000000.0,974627520.0,15,4854376832.0,1227693024.0,4135200000.0,4819484416.0,15,0.22566666666666665,0.124,0.172,0.27,15,0.08927866620000001,0.0316600005,0.06942000000000001,0.09781,14,1.4336520714285717,1.1745445,1.5231165,1.5585710000000002,15,85.50466666666668,38.94499999999999,75.73,114.815
Telecom Services,24,24474888888.666668,477589752.0,1443040448.0,5255237760.0,24,18413769418.333332,383550496.0,1077125504.0,4796074880.0,24,2.539208333333333,-0.00575,0.0645,0.27925,24,-2.233029170875,0.03224999975,0.0600099975,0.1877899975,24,0.7088952499999999,0.43274175,0.6270119999999999,1.04463175,24,110.53333333333332,15.457500000000001,25.495,54.01875
Tobacco,5,12001928998.4,757806976.0,1581438976.0,28127000576.0,5,11283149484.8,2050769024.0,2094504960.0,21080000512.0,5,0.12040000000000002,0.055,0.091,0.204,5,0.307492007,0.20825,0.24854,0.42511000000000004,5,0.7618698,0.646753,0.683636,0.891948,5,49.31399999999999,37.78,47.39,54.92
Tools & Accessories,8,1402041654.0,736968496.0,1002473472.0,1334275040.0,8,4675264616.0,2129100288.0,3521653504.0,4156550016.0,8,0.0845,0.07200000000000001,0.10350000000000001,0.1465,8,0.1447612495,0.11728500149999999,0.13761500000000002,0.16288749749999998,8,1.45337825,1.2202595,1.3774025,1.7509087500000002,8,122.37875,60.945,119.69,191.9575
Travel Services,8,11824756040.0,4345750192.0,10192500224.0,15218933504.0,8,2850631194.0,480550000.0,1342500000.0,3991499968.0,7,8.782,0.5685,0.9690000000000001,11.746500000000001,8,-8.181382477125,-8.172825,-1.77771991,0.007445002249999999,8,2.020256375,1.556493,2.027532,2.56816425,8,349.47999999999996,20.585,41.265,102.855
Trucking,12,499886247.3333333,64934500.0,235073504.0,444682000.0,12,2691089256.0,966277504.0,2312440448.0,4726564864.0,12,0.34908333333333325,0.1225,0.22099999999999997,0.30724999999999997,12,-5.450824165916668,0.05600749925,0.084325,0.12043000375,11,1.3790641818181817,0.9330595,1.287272,1.5264929999999999,12,89.11,17.075000000000003,31.380000000000003,75.66749999999999
Utilities,64,12585476388.125,2033520960.0,7303000064.0,18131772928.0,64,6534577094.625,1315814976.0,3533952000.0,10852250368.0,64,0.11734375,0.035500000000000004,0.094,0.15675,64,0.20144484381249997,0.16760750000000002,0.203689995,0.2412625025,62,0.5119790322580645,0.32519450000000005,0.4550645,0.6248405,64,66.25750000000001,42.265,65.785,83.0175
Waste Management,9,3288191201.7777777,625235968.0,1458969984.0,2016800000.0,9,4364771797.333333,847614976.0,2151320064.0,3482275072.0,9,0.2192222222222222,0.08,0.19399999999999998,0.221,9,0.10150333455555556,0.0554,0.095860004,0.10965,8,1.2410425,0.9118175000000001,1.189886,1.4546744999999999,9,77.92666666666668,31.94,70.51,99.77
